{"car_sharing": 0.4538068929515993, "bicycle_rental": 0.4008092421308648, "restaurant": 0.3420118921379561, "cafe": 0.31750239108830797, "nightclub": 0.31287804500403804, "payment_terminal": 0.2846412650139021, "bar": 0.2682330576752724, "post_box": 0.2655933777608025, "bicycle_parking": 0.26213935171312913, "pharmacy": 0.23622629344958102, "bank": 0.23462646356187986, "fast_food": 0.22313617382523693, "cinema": 0.22189291835812588, "pub": 0.21763031730334703, "dentist": 0.214800814920946, "training": 0.1987285163827025, "community_centre": 0.19327285347250212, "post_office": 0.18422663909554823, "clinic": 0.18347910163937617, "bench": 0.17182473831668085, "internet_cafe": 0.16522324601608318, "ice_cream": 0.16147964794900174, "car_rental": 0.1543315307492778, "taxi": 0.1500385578937241, "parking_entrance": 0.14526041434564363, "shelter": -0.13203773753034728, "fuel": -0.12589371071493277, "toilets": -0.12541213153982927, "bureau_de_change": 0.12483176014441891, "fountain": 0.12281554524748318, "atm": 0.12146096865823937, "marketplace": 0.12131738434028351, "theatre": 0.11289102631485323, "chiropractor": 0.0923058203392553, "college": 0.08832462333521403, "language_school": 0.08651350450057234, "ferry_terminal": 0.0847046487243302, "conference_centre": 0.08328894901754336, "office|financial": 0.07790446832956115, "waste_disposal": 0.07551180388760068, "waste_basket": 0.07456056784810393, "place_of_worship": -0.07088933431127736, "food_court": 0.06565567088457168, "university": 0.0633188761448416, "studio": -0.05796566201357943, "childcare": -0.056843866958265085, "vacuum_cleaner": -0.05594991107458481, "bbq": -0.05525398644028523, "shower": -0.05249704604121776, "boat_rental": 0.051979244149450946, "music_school": 0.051413939236737996, "social_centre": 0.051286510848768174, "townhall": 0.048910030321787264, "animal_shelter": -0.047526249705173135, "courthouse": 0.04687310214055037, "storage_rental": -0.04540832579887065, "lounge": -0.04514227489727044, "hunting_stand": -0.04506472736766236, "first_aid": -0.044836926110612164, "ranger_station": -0.044836926110612164, "waste_transfer_station": -0.04459180542085658, "observation platform": -0.043576935508299997, "evse": -0.04237664600419646, "clock": 0.04148782293494466, "park": 0.041459582050601254, "car_wash": -0.03994038135196669, "atlas_clean_room": -0.03804807510388789, "safety": -0.03804807510388789, "lobby": -0.03804807510388789, "smoking_area": -0.03804807510388789, "letter_box": -0.03804807510388789, "science": -0.03804807510388787, "workshop": -0.03804807510388787, "research_institute": -0.03804807510388787, "recycling": 0.03637806617457797, "gym": 0.03622241704217745, "police": 0.035510649744416735, "drinking_water": 0.034938178751627046, "motorcycle_parking": -0.03434979152177691, "vending_machine": 0.03403381509486076, "hospital": -0.03323988672731321, "bicycle_repair_station": -0.03217783299283782, "telephone": -0.03212434083878751, "prep_school": -0.03070140151980794, "juice_bar": -0.030562991239062944, "shop|clothes": -0.030562991239062944, "trolley_bay": -0.02976965698623829, "trash": -0.029611076027405144, "charging_station": -0.029473133674975675, "housing co-op": 0.029232885269525315, "watering_place": -0.026860641995294712, "kindergarten": -0.026660823976724687, "events_venue": -0.026099638413685525, "loading_dock": -0.026036390981970567, "car_rep": 0.026021265890509186, "money_transfer": 0.023202685464410688, "veterinary": -0.023201322066679193, "casino": -0.02188908702562431, "arts_centre": -0.021358016763947968, "school": 0.020966219465995507, "bus_station": 0.020347919343222155, "public_bookcase": 0.01435673403884269, "disused:restaurant": -0.013868987962163227, "healthcare": 0.013429206235450094, "nursery": -0.013389047658215499, "leisure": -0.012048049644254771, "post_depot": 0.011277058985078837, "doctors": 0.008136707192246207, "stripclub": -0.006883770646638091, "parking_space": -0.006809693141670349, "driving_school": 0.004923510903484503, "library": -0.004859137888571704, "family_centre": -0.004758608610937419, "fire_station": 0.004130436846011513, "compressed_air": 0.0032804725387185723, "motorcycle_rental": 0.00288397388501509, "spa": -0.0023169054218330786, "atm;bank": 0.0020507801846683382, "parking": 0.0009057600067995952, "social_facility": -0.0007147110865848307, "dojo": 0.0006933771892232561, "skytrain_station": -0.00014936771513492369}