{"car_sharing": 0.4535124676405776, "bicycle_rental": 0.4004686505395074, "restaurant": 0.34184387359460366, "cafe": 0.3172170870454625, "nightclub": 0.3127157881587507, "payment_terminal": 0.2845443660505533, "bar": 0.26809016000533936, "post_box": 0.2653579372009865, "bicycle_parking": 0.26186661858579313, "pharmacy": 0.23615324530903997, "bank": 0.23463183977960034, "fast_food": 0.22302566479460378, "cinema": 0.22180765227709096, "pub": 0.21741316921748036, "dentist": 0.21483408107704102, "training": 0.19860607198062274, "community_centre": 0.19325761019121196, "post_office": 0.18411937550949542, "clinic": 0.18351412126249253, "bench": 0.17156243826672796, "internet_cafe": 0.1651145690159546, "ice_cream": 0.16138009426152847, "car_rental": 0.15422199634844105, "taxi": 0.14990529209562042, "parking_entrance": 0.1452696853222993, "shelter": -0.13211110968407244, "fuel": -0.12596584586010195, "toilets": -0.12565675127501053, "bureau_de_change": 0.12473882524870289, "fountain": 0.122670300709913, "atm": 0.12138265674734984, "marketplace": 0.12114237580681482, "theatre": 0.11277048046309268, "chiropractor": 0.0922112463019079, "college": 0.08820246527598129, "language_school": 0.08643118574623698, "ferry_terminal": 0.08454793970316664, "conference_centre": 0.08319969367597349, "office|financial": 0.07796930399296433, "waste_disposal": 0.07558562928116001, "waste_basket": 0.07427771363288126, "place_of_worship": -0.07098011042097595, "food_court": 0.06555604139756639, "university": 0.06329216606958235, "studio": -0.05803316487077816, "childcare": -0.05694270119304658, "vacuum_cleaner": -0.05597550952682182, "bbq": -0.05525062127787362, "shower": -0.052434174234761106, "boat_rental": 0.05187430572495486, "social_centre": 0.05137775875544406, "music_school": 0.05135269696999862, "townhall": 0.04886067222937363, "animal_shelter": -0.04761986084766872, "courthouse": 0.046803356975095564, "storage_rental": -0.045451832151100116, "lounge": -0.04518572909955008, "hunting_stand": -0.04510935597835937, "first_aid": -0.04488256306632549, "ranger_station": -0.04488256306632549, "waste_transfer_station": -0.0446339108434638, "observation platform": -0.04362560905159344, "evse": -0.04240605254972026, "clock": 0.041542992460315634, "park": 0.0414498739596356, "car_wash": -0.03994214746290325, "research_institute": -0.03808938788520946, "atlas_clean_room": -0.038089387885209436, "safety": -0.038089387885209436, "lobby": -0.038089387885209436, "smoking_area": -0.038089387885209436, "letter_box": -0.038089387885209436, "science": -0.038089387885209415, "workshop": -0.038089387885209415, "gym": 0.036280907336735495, "recycling": 0.03624991654615037, "police": 0.03557919263824883, "drinking_water": 0.034637523575618334, "motorcycle_parking": -0.0343874519951457, "vending_machine": 0.03391465965159371, "hospital": -0.03334057020302449, "bicycle_repair_station": -0.03228436742340817, "telephone": -0.032232993705572935, "prep_school": -0.030700487402708476, "juice_bar": -0.03062269634518086, "shop|clothes": -0.03062269634518086, "trolley_bay": -0.029791194978933986, "trash": -0.02965761670209502, "charging_station": -0.02956645141622542, "housing co-op": 0.02919484536180488, "watering_place": -0.026929539798999733, "kindergarten": -0.026677170586376905, "loading_dock": -0.02611783149455442, "events_venue": -0.026084043634570026, "car_rep": 0.02606295837201432, "money_transfer": 0.023278359719159755, "veterinary": -0.02327751027102326, "casino": -0.02194026363093654, "arts_centre": -0.021466326658412326, "school": 0.020767898818012078, "bus_station": 0.02029776795663662, "public_bookcase": 0.014309113624430065, "disused:restaurant": -0.013950084646912936, "healthcare": 0.013492918507171643, "nursery": -0.013427536583025559, "leisure": -0.012100544031634661, "post_depot": 0.01124752455622378, "doctors": 0.008072599344821439, "stripclub": -0.006868955148274201, "parking_space": -0.006757759477748921, "driving_school": 0.004880853246207579, "library": -0.0048448744732187115, "family_centre": -0.004791838012546604, "fire_station": 0.0041154072936201444, "compressed_air": 0.003266012480009493, "motorcycle_rental": 0.0029041330402885565, "spa": -0.002401247149744765, "atm;bank": 0.0020897545085783007, "parking": 0.0009218845142010204, "social_facility": -0.0007342989248892172, "dojo": 0.0006930985682184195, "skytrain_station": -0.00017703881903583212}